{
  "1": 3.35123622789979e-05,
  "2": 3.934736378141679e-05,
  "3": 4.336959318607114e-05,
  "4": 4.672123759519309e-05,
  "5": 4.969270958099514e-05,
  "6": 5.238340963842347e-05,
  "7": 5.479990431922488e-05,
  "8": 5.709619654226117e-05,
  "9": 5.9251266065984964e-05,
  "10": 6.130966357886791e-05,
  "11": 6.328277959255502e-05,
  "12": 6.520167517010123e-05,
  "13": 6.70651497785002e-05,
  "14": 6.881153967697173e-05,
  "15": 7.053054287098348e-05,
  "16": 7.220960833365098e-05,
  "17": 7.384963828371838e-05,
  "18": 7.541717786807567e-05,
  "19": 7.700137211941183e-05,
  "20": 7.856149022700265e-05,
  "21": 8.007548603927717e-05,
  "22": 8.158412674674764e-05,
  "23": 8.309641270898283e-05,
  "24": 8.46084367367439e-05,
  "25": 8.608393545728177e-05,
  "26": 8.753336442168802e-05,
  "27": 8.89781877049245e-05,
  "28": 9.044969920068979e-05,
  "29": 9.188395779347047e-05,
  "30": 9.331637556897476e-05,
  "31": 9.472468082094565e-05,
  "32": 9.614120790502056e-05,
  "33": 9.755232167663053e-05,
  "34": 9.897042764350772e-05,
  "35": 0.00010038280743174255,
  "36": 0.00010181386460317299,
  "37": 0.00010320983710698783,
  "38": 0.00010465642117196694,
  "39": 0.00010607433796394616,
  "40": 0.00010751667286967859,
  "41": 0.00010898743494180962,
  "42": 0.000110425433376804,
  "43": 0.00011189778160769492,
  "44": 0.00011337965406710282,
  "45": 0.0001148694209405221,
  "46": 0.00011635116970865056,
  "47": 0.00011784343951148912,
  "48": 0.0001193530042655766,
  "49": 0.00012091347889509052,
  "50": 0.0001224556763190776,
  "51": 0.000123995152534917,
  "52": 0.0001255827082786709,
  "53": 0.00012722198152914643,
  "54": 0.0001288522471440956,
  "55": 0.0001305395708186552,
  "56": 0.0001322348980465904,
  "57": 0.00013396702706813812,
  "58": 0.00013570903684012592,
  "59": 0.00013753339590039104,
  "60": 0.0001393757265759632,
  "61": 0.00014126775204204023,
  "62": 0.0001431524578947574,
  "63": 0.00014510581968352199,
  "64": 0.00014709307288285345,
  "65": 0.0001491125294705853,
  "66": 0.0001511843001935631,
  "67": 0.00015337023069150746,
  "68": 0.00015556844300590456,
  "69": 0.0001577972579980269,
  "70": 0.00016017463349271566,
  "71": 0.0001626430603209883,
  "72": 0.0001651657948968932,
  "73": 0.0001677953259786591,
  "74": 0.00017054591444320977,
  "75": 0.00017337824101559818,
  "76": 0.00017639964062254876,
  "77": 0.00017949419270735234,
  "78": 0.00018277483468409628,
  "79": 0.00018623346113599837,
  "80": 0.00018982838082592934,
  "81": 0.0001937403721967712,
  "82": 0.00019792604143731296,
  "83": 0.00020236587442923337,
  "84": 0.00020717548613902181,
  "85": 0.00021242968796286732,
  "86": 0.0002180969895562157,
  "87": 0.00022437702864408493,
  "88": 0.00023128537577576935,
  "89": 0.00023900950327515602,
  "90": 0.00024779955856502056,
  "91": 0.0002580157306510955,
  "92": 0.0002699910255614668,
  "93": 0.00028375754482112825,
  "94": 0.000300367217278108,
  "95": 0.0003210767754353583,
  "96": 0.00034859759034588933,
  "97": 0.0003848591004498303,
  "98": 0.0004384935018606484,
  "99": 0.0005394672625698149
}